Plan_id,benefit_id,Duration,terms_condition
PLN000009,BEN000104,365,Applicable only on selected networks.
PLN000059,BEN000199,180,Can be availed once per billing cycle.
PLN000046,BEN000047,180,Benefit auto-activates within 24 hours of recharge.
PLN000020,BEN000050,30,Valid for plan duration only. Non-transferable.
PLN000007,BEN000118,7,Maximum one redemption per subscriber.
PLN000070,BEN000191,14,Benefit auto-activates within 24 hours of recharge.
PLN000082,BEN000047,14,Maximum one redemption per subscriber.
PLN000005,BEN000131,28,Can be availed once per billing cycle.
PLN000089,BEN000188,28,Applicable only on selected networks.
PLN000025,BEN000081,14,Requires active internet connection to access.
PLN000098,BEN000084,365,Valid for plan duration only. Non-transferable.
PLN000049,BEN000149,28,Valid for plan duration only. Non-transferable.
PLN000057,BEN000052,365,Applicable only on selected networks.
PLN000090,BEN000081,60,Can be availed once per billing cycle.
PLN000030,BEN000115,365,Applicable only on selected networks.
PLN000046,BEN000058,7,Terms subject to change without notice.
PLN000077,BEN000055,7,Benefit auto-activates within 24 hours of recharge.
PLN000034,BEN000146,180,Benefit auto-activates within 24 hours of recharge.
PLN000058,BEN000029,7,Redeemable via MyTelecom app.
PLN000029,BEN000093,60,Offer valid for new subscribers only.
PLN000014,BEN000151,365,Requires active internet connection to access.
PLN000010,BEN000060,365,Maximum one redemption per subscriber.
PLN000063,BEN000104,7,Can be availed once per billing cycle.
PLN000048,BEN000065,180,Benefit auto-activates within 24 hours of recharge.
PLN000055,BEN000061,14,Offer valid for new subscribers only.
PLN000038,BEN000058,30,Terms subject to change without notice.
PLN000032,BEN000038,90,Requires active internet connection to access.
PLN000022,BEN000081,28,Benefit auto-activates within 24 hours of recharge.
PLN000052,BEN000016,180,Redeemable via MyTelecom app.
PLN000094,BEN000182,28,Requires active internet connection to access.
PLN000091,BEN000070,14,Can be availed once per billing cycle.
PLN000005,BEN000149,14,Applicable only on selected networks.
PLN000087,BEN000093,180,Maximum one redemption per subscriber.
PLN000100,BEN000034,365,Applicable only on selected networks.
PLN000078,BEN000089,28,Redeemable via MyTelecom app.
PLN000065,BEN000026,90,Requires active internet connection to access.
PLN000086,BEN000165,60,Redeemable via MyTelecom app.
PLN000058,BEN000164,90,Can be availed once per billing cycle.
PLN000046,BEN000018,60,Applicable only on selected networks.
PLN000068,BEN000131,180,Applicable on first activation. Subject to availability.
PLN000009,BEN000147,365,Valid for plan duration only. Non-transferable.
PLN000028,BEN000081,7,Redeemable via MyTelecom app.
PLN000027,BEN000031,30,Applicable only on selected networks.
PLN000045,BEN000159,7,Maximum one redemption per subscriber.
PLN000009,BEN000126,14,Maximum one redemption per subscriber.
PLN000048,BEN000112,90,Benefit auto-activates within 24 hours of recharge.
PLN000025,BEN000092,180,Applicable on first activation. Subject to availability.
PLN000066,BEN000025,14,Offer valid for new subscribers only.
PLN000006,BEN000011,7,Requires active internet connection to access.
PLN000050,BEN000026,180,Applicable only on selected networks.
PLN000077,BEN000162,28,Offer valid for new subscribers only.
PLN000057,BEN000077,60,Valid for plan duration only. Non-transferable.
PLN000041,BEN000105,60,Applicable only on selected networks.
PLN000064,BEN000018,7,Benefit auto-activates within 24 hours of recharge.
PLN000044,BEN000128,30,Offer valid for new subscribers only.
PLN000077,BEN000105,180,Offer valid for new subscribers only.
PLN000072,BEN000023,60,Can be availed once per billing cycle.
PLN000055,BEN000088,90,Can be availed once per billing cycle.
PLN000087,BEN000020,365,Redeemable via MyTelecom app.
PLN000054,BEN000056,7,Offer valid for new subscribers only.
PLN000044,BEN000162,28,Maximum one redemption per subscriber.
PLN000024,BEN000076,180,Applicable on first activation. Subject to availability.
PLN000027,BEN000197,90,Maximum one redemption per subscriber.
PLN000092,BEN000179,90,Can be availed once per billing cycle.
PLN000049,BEN000132,60,Benefit auto-activates within 24 hours of recharge.
PLN000080,BEN000055,90,Benefit auto-activates within 24 hours of recharge.
PLN000009,BEN000186,30,Redeemable via MyTelecom app.
PLN000043,BEN000060,365,Offer valid for new subscribers only.
PLN000024,BEN000005,180,Applicable only on selected networks.
PLN000056,BEN000125,180,Can be availed once per billing cycle.
PLN000067,BEN000140,180,Requires active internet connection to access.
PLN000039,BEN000156,90,Offer valid for new subscribers only.
PLN000068,BEN000155,365,Valid for plan duration only. Non-transferable.
PLN000061,BEN000020,7,Maximum one redemption per subscriber.
PLN000036,BEN000106,28,Maximum one redemption per subscriber.
PLN000081,BEN000038,14,Requires active internet connection to access.
PLN000039,BEN000166,28,Can be availed once per billing cycle.
PLN000077,BEN000077,14,Terms subject to change without notice.
PLN000064,BEN000094,30,Maximum one redemption per subscriber.
PLN000064,BEN000188,60,Applicable only on selected networks.
PLN000097,BEN000142,60,Terms subject to change without notice.
PLN000043,BEN000158,14,Valid for plan duration only. Non-transferable.
PLN000016,BEN000017,60,Applicable on first activation. Subject to availability.
PLN000057,BEN000140,60,Can be availed once per billing cycle.
PLN000002,BEN000176,365,Terms subject to change without notice.
PLN000019,BEN000011,365,Valid for plan duration only. Non-transferable.
PLN000054,BEN000037,180,Benefit auto-activates within 24 hours of recharge.
PLN000037,BEN000166,180,Applicable on first activation. Subject to availability.
PLN000082,BEN000145,30,Applicable on first activation. Subject to availability.
PLN000100,BEN000147,60,Valid for plan duration only. Non-transferable.
PLN000010,BEN000121,365,Offer valid for new subscribers only.
PLN000028,BEN000098,180,Requires active internet connection to access.
PLN000067,BEN000072,30,Valid for plan duration only. Non-transferable.
PLN000045,BEN000166,60,Benefit auto-activates within 24 hours of recharge.
PLN000040,BEN000039,7,Requires active internet connection to access.
PLN000061,BEN000026,180,Offer valid for new subscribers only.
PLN000031,BEN000065,30,Terms subject to change without notice.
PLN000071,BEN000156,90,Applicable on first activation. Subject to availability.
PLN000005,BEN000039,365,Offer valid for new subscribers only.
PLN000065,BEN000039,30,Maximum one redemption per subscriber.
PLN000001,BEN000033,14,Requires active internet connection to access.
PLN000024,BEN000087,7,Valid for plan duration only. Non-transferable.
PLN000055,BEN000161,14,Requires active internet connection to access.
PLN000076,BEN000005,7,Applicable only on selected networks.
PLN000032,BEN000087,7,Terms subject to change without notice.
PLN000046,BEN000026,7,Offer valid for new subscribers only.
PLN000025,BEN000120,7,Offer valid for new subscribers only.
PLN000027,BEN000024,180,Redeemable via MyTelecom app.
PLN000035,BEN000131,28,Benefit auto-activates within 24 hours of recharge.
PLN000079,BEN000127,14,Redeemable via MyTelecom app.
PLN000084,BEN000138,365,Applicable only on selected networks.
PLN000030,BEN000040,90,Terms subject to change without notice.
PLN000090,BEN000128,365,Maximum one redemption per subscriber.
PLN000084,BEN000030,28,Redeemable via MyTelecom app.
PLN000043,BEN000062,60,Requires active internet connection to access.
PLN000094,BEN000127,14,Applicable only on selected networks.
PLN000076,BEN000144,90,Terms subject to change without notice.
PLN000006,BEN000150,180,Redeemable via MyTelecom app.
PLN000081,BEN000077,180,Requires active internet connection to access.
PLN000022,BEN000087,14,Redeemable via MyTelecom app.
PLN000030,BEN000033,365,Requires active internet connection to access.
PLN000066,BEN000162,7,Applicable only on selected networks.
PLN000099,BEN000026,28,Offer valid for new subscribers only.
PLN000020,BEN000035,90,Can be availed once per billing cycle.
PLN000014,BEN000012,28,Can be availed once per billing cycle.
PLN000099,BEN000022,28,Applicable only on selected networks.
PLN000038,BEN000119,180,Applicable only on selected networks.
PLN000002,BEN000009,30,Requires active internet connection to access.
PLN000044,BEN000043,7,Offer valid for new subscribers only.
PLN000073,BEN000079,60,Maximum one redemption per subscriber.
PLN000005,BEN000009,365,Benefit auto-activates within 24 hours of recharge.
PLN000084,BEN000067,14,Requires active internet connection to access.
PLN000066,BEN000083,365,Requires active internet connection to access.
PLN000026,BEN000175,60,Redeemable via MyTelecom app.
PLN000097,BEN000199,90,Can be availed once per billing cycle.
PLN000081,BEN000026,7,Valid for plan duration only. Non-transferable.
PLN000081,BEN000145,14,Applicable only on selected networks.
PLN000015,BEN000041,7,Maximum one redemption per subscriber.
PLN000085,BEN000079,365,Requires active internet connection to access.
PLN000027,BEN000200,7,Requires active internet connection to access.
PLN000070,BEN000154,30,Offer valid for new subscribers only.
PLN000039,BEN000135,30,Terms subject to change without notice.
PLN000069,BEN000177,30,Offer valid for new subscribers only.
PLN000017,BEN000103,30,Requires active internet connection to access.
PLN000098,BEN000144,90,Can be availed once per billing cycle.
PLN000087,BEN000050,365,Applicable only on selected networks.
PLN000040,BEN000068,7,Offer valid for new subscribers only.
PLN000069,BEN000073,365,Applicable on first activation. Subject to availability.
PLN000012,BEN000143,60,Offer valid for new subscribers only.
PLN000047,BEN000097,365,Can be availed once per billing cycle.
PLN000035,BEN000082,7,Offer valid for new subscribers only.
PLN000083,BEN000198,30,Valid for plan duration only. Non-transferable.
PLN000045,BEN000100,30,Redeemable via MyTelecom app.
PLN000058,BEN000053,28,Redeemable via MyTelecom app.
PLN000098,BEN000017,30,Terms subject to change without notice.
PLN000100,BEN000113,14,Offer valid for new subscribers only.
PLN000059,BEN000092,7,Requires active internet connection to access.
PLN000084,BEN000008,180,Offer valid for new subscribers only.
PLN000089,BEN000021,365,Redeemable via MyTelecom app.
PLN000073,BEN000034,365,Applicable on first activation. Subject to availability.
PLN000062,BEN000037,30,Valid for plan duration only. Non-transferable.
PLN000002,BEN000075,90,Benefit auto-activates within 24 hours of recharge.
PLN000018,BEN000003,28,Terms subject to change without notice.
PLN000056,BEN000168,30,Applicable on first activation. Subject to availability.
PLN000004,BEN000066,365,Maximum one redemption per subscriber.
PLN000080,BEN000110,14,Applicable on first activation. Subject to availability.
PLN000049,BEN000081,28,Applicable on first activation. Subject to availability.
PLN000066,BEN000057,180,Applicable on first activation. Subject to availability.
PLN000024,BEN000040,14,Requires active internet connection to access.
PLN000038,BEN000035,180,Applicable only on selected networks.
PLN000085,BEN000065,180,Can be availed once per billing cycle.
PLN000001,BEN000144,28,Benefit auto-activates within 24 hours of recharge.
PLN000022,BEN000001,14,Applicable on first activation. Subject to availability.
PLN000100,BEN000188,7,Offer valid for new subscribers only.
PLN000002,BEN000196,365,Can be availed once per billing cycle.
PLN000054,BEN000156,14,Requires active internet connection to access.
PLN000076,BEN000154,60,Maximum one redemption per subscriber.
PLN000084,BEN000183,90,Can be availed once per billing cycle.
PLN000046,BEN000052,7,Maximum one redemption per subscriber.
PLN000010,BEN000067,7,Maximum one redemption per subscriber.
PLN000049,BEN000034,365,Redeemable via MyTelecom app.
PLN000022,BEN000015,365,Applicable only on selected networks.
PLN000043,BEN000087,365,Requires active internet connection to access.
PLN000049,BEN000192,180,Applicable only on selected networks.
PLN000032,BEN000006,30,Maximum one redemption per subscriber.
PLN000031,BEN000047,30,Maximum one redemption per subscriber.
PLN000086,BEN000155,30,Terms subject to change without notice.
PLN000069,BEN000172,28,Applicable only on selected networks.
PLN000041,BEN000083,7,Applicable on first activation. Subject to availability.
PLN000096,BEN000188,30,Maximum one redemption per subscriber.
PLN000016,BEN000135,60,Offer valid for new subscribers only.
PLN000010,BEN000184,30,Maximum one redemption per subscriber.
PLN000029,BEN000109,30,Redeemable via MyTelecom app.
PLN000036,BEN000034,7,Applicable on first activation. Subject to availability.
PLN000061,BEN000058,90,Benefit auto-activates within 24 hours of recharge.
PLN000022,BEN000108,180,Valid for plan duration only. Non-transferable.
PLN000060,BEN000009,30,Applicable only on selected networks.
PLN000034,BEN000091,14,Requires active internet connection to access.
PLN000064,BEN000141,90,Requires active internet connection to access.
PLN000029,BEN000070,60,Valid for plan duration only. Non-transferable.
PLN000041,BEN000119,30,Valid for plan duration only. Non-transferable.
PLN000043,BEN000168,14,Valid for plan duration only. Non-transferable.
PLN000013,BEN000150,30,Can be availed once per billing cycle.
PLN000058,BEN000187,28,Redeemable via MyTelecom app.
PLN000028,BEN000079,180,Terms subject to change without notice.
PLN000002,BEN000088,14,Requires active internet connection to access.
PLN000027,BEN000028,7,Maximum one redemption per subscriber.
PLN000011,BEN000061,180,Maximum one redemption per subscriber.
PLN000002,BEN000151,30,Benefit auto-activates within 24 hours of recharge.
PLN000038,BEN000114,7,Terms subject to change without notice.
PLN000093,BEN000163,90,Offer valid for new subscribers only.
PLN000084,BEN000076,180,Offer valid for new subscribers only.
PLN000084,BEN000044,28,Offer valid for new subscribers only.
PLN000041,BEN000163,28,Can be availed once per billing cycle.
PLN000026,BEN000071,60,Maximum one redemption per subscriber.
PLN000008,BEN000128,90,Offer valid for new subscribers only.
PLN000023,BEN000060,28,Applicable on first activation. Subject to availability.
PLN000087,BEN000021,90,Redeemable via MyTelecom app.
PLN000029,BEN000029,7,Applicable on first activation. Subject to availability.
PLN000091,BEN000030,180,Can be availed once per billing cycle.
PLN000069,BEN000087,90,Valid for plan duration only. Non-transferable.
PLN000004,BEN000181,7,Valid for plan duration only. Non-transferable.
PLN000016,BEN000102,14,Can be availed once per billing cycle.
PLN000081,BEN000058,60,Redeemable via MyTelecom app.
PLN000096,BEN000026,90,Offer valid for new subscribers only.
PLN000053,BEN000117,30,Redeemable via MyTelecom app.
PLN000049,BEN000145,90,Applicable on first activation. Subject to availability.
PLN000084,BEN000184,14,Maximum one redemption per subscriber.
PLN000030,BEN000044,30,Terms subject to change without notice.
PLN000076,BEN000172,180,Requires active internet connection to access.
PLN000075,BEN000004,180,Offer valid for new subscribers only.
PLN000054,BEN000011,180,Can be availed once per billing cycle.
PLN000024,BEN000117,60,Offer valid for new subscribers only.
PLN000042,BEN000006,30,Applicable on first activation. Subject to availability.
PLN000009,BEN000130,60,Valid for plan duration only. Non-transferable.
PLN000068,BEN000179,28,Benefit auto-activates within 24 hours of recharge.
PLN000032,BEN000082,30,Offer valid for new subscribers only.
PLN000044,BEN000135,90,Applicable only on selected networks.
PLN000004,BEN000104,28,Redeemable via MyTelecom app.
PLN000043,BEN000042,7,Redeemable via MyTelecom app.
PLN000098,BEN000043,7,Benefit auto-activates within 24 hours of recharge.
PLN000051,BEN000195,7,Applicable only on selected networks.
PLN000082,BEN000031,30,Offer valid for new subscribers only.
PLN000069,BEN000119,28,Offer valid for new subscribers only.
PLN000045,BEN000109,90,Maximum one redemption per subscriber.
PLN000070,BEN000193,14,Redeemable via MyTelecom app.
PLN000099,BEN000003,14,Can be availed once per billing cycle.
PLN000006,BEN000171,30,Redeemable via MyTelecom app.
PLN000043,BEN000009,14,Redeemable via MyTelecom app.
PLN000091,BEN000065,90,Requires active internet connection to access.
PLN000035,BEN000173,14,Applicable only on selected networks.
PLN000063,BEN000092,14,Can be availed once per billing cycle.
PLN000052,BEN000078,7,Valid for plan duration only. Non-transferable.
PLN000054,BEN000029,30,Requires active internet connection to access.
PLN000082,BEN000126,7,Maximum one redemption per subscriber.
PLN000056,BEN000005,7,Valid for plan duration only. Non-transferable.
PLN000015,BEN000184,14,Applicable on first activation. Subject to availability.
PLN000053,BEN000192,7,Requires active internet connection to access.
PLN000015,BEN000136,14,Terms subject to change without notice.
PLN000007,BEN000077,7,Valid for plan duration only. Non-transferable.
PLN000040,BEN000088,90,Applicable only on selected networks.
PLN000074,BEN000034,28,Requires active internet connection to access.
PLN000047,BEN000159,60,Offer valid for new subscribers only.
PLN000063,BEN000094,7,Benefit auto-activates within 24 hours of recharge.
PLN000028,BEN000102,28,Redeemable via MyTelecom app.
PLN000096,BEN000110,14,Applicable only on selected networks.
PLN000030,BEN000080,180,Maximum one redemption per subscriber.
PLN000090,BEN000025,180,Benefit auto-activates within 24 hours of recharge.
PLN000015,BEN000053,7,Benefit auto-activates within 24 hours of recharge.
PLN000032,BEN000053,365,Maximum one redemption per subscriber.
PLN000046,BEN000012,28,Applicable only on selected networks.
PLN000038,BEN000186,30,Applicable on first activation. Subject to availability.
PLN000048,BEN000170,14,Offer valid for new subscribers only.
PLN000005,BEN000183,90,Applicable on first activation. Subject to availability.
PLN000003,BEN000060,14,Redeemable via MyTelecom app.
PLN000071,BEN000053,60,Offer valid for new subscribers only.
PLN000001,BEN000083,28,Terms subject to change without notice.
PLN000022,BEN000032,28,Offer valid for new subscribers only.
PLN000041,BEN000010,14,Benefit auto-activates within 24 hours of recharge.
PLN000053,BEN000010,180,Can be availed once per billing cycle.
PLN000030,BEN000025,90,Applicable on first activation. Subject to availability.
PLN000087,BEN000163,14,Applicable on first activation. Subject to availability.
PLN000051,BEN000149,60,Can be availed once per billing cycle.
PLN000098,BEN000166,7,Maximum one redemption per subscriber.
PLN000017,BEN000065,7,Terms subject to change without notice.
PLN000064,BEN000095,90,Requires active internet connection to access.
PLN000042,BEN000118,30,Benefit auto-activates within 24 hours of recharge.
PLN000060,BEN000167,60,Requires active internet connection to access.
PLN000030,BEN000130,14,Can be availed once per billing cycle.
PLN000035,BEN000139,28,Redeemable via MyTelecom app.
PLN000054,BEN000018,90,Redeemable via MyTelecom app.
PLN000094,BEN000070,180,Can be availed once per billing cycle.
PLN000003,BEN000121,60,Valid for plan duration only. Non-transferable.
PLN000035,BEN000019,28,Offer valid for new subscribers only.
PLN000091,BEN000164,30,Maximum one redemption per subscriber.
PLN000088,BEN000106,28,Benefit auto-activates within 24 hours of recharge.
PLN000078,BEN000152,7,Valid for plan duration only. Non-transferable.
PLN000040,BEN000149,180,Redeemable via MyTelecom app.
PLN000018,BEN000137,30,Terms subject to change without notice.
PLN000058,BEN000139,60,Offer valid for new subscribers only.
PLN000090,BEN000109,14,Terms subject to change without notice.
PLN000068,BEN000068,30,Benefit auto-activates within 24 hours of recharge.
PLN000087,BEN000147,90,Valid for plan duration only. Non-transferable.
PLN000085,BEN000150,30,Terms subject to change without notice.
PLN000089,BEN000155,14,Offer valid for new subscribers only.
PLN000026,BEN000077,365,Offer valid for new subscribers only.
PLN000052,BEN000173,365,Applicable on first activation. Subject to availability.
PLN000088,BEN000017,7,Applicable on first activation. Subject to availability.
PLN000091,BEN000018,180,Valid for plan duration only. Non-transferable.
PLN000022,BEN000126,14,Benefit auto-activates within 24 hours of recharge.
PLN000032,BEN000167,90,Can be availed once per billing cycle.
PLN000050,BEN000042,14,Applicable on first activation. Subject to availability.
PLN000092,BEN000163,180,Benefit auto-activates within 24 hours of recharge.
PLN000073,BEN000139,30,Benefit auto-activates within 24 hours of recharge.
PLN000039,BEN000079,14,Benefit auto-activates within 24 hours of recharge.
PLN000034,BEN000095,365,Applicable on first activation. Subject to availability.
PLN000040,BEN000163,28,Can be availed once per billing cycle.
PLN000034,BEN000196,60,Applicable on first activation. Subject to availability.
PLN000076,BEN000135,28,Applicable only on selected networks.
PLN000069,BEN000059,180,Benefit auto-activates within 24 hours of recharge.
PLN000055,BEN000151,28,Offer valid for new subscribers only.
PLN000040,BEN000194,365,Can be availed once per billing cycle.
PLN000081,BEN000090,30,Maximum one redemption per subscriber.
PLN000007,BEN000059,14,Requires active internet connection to access.
PLN000006,BEN000152,14,Offer valid for new subscribers only.
PLN000094,BEN000016,180,Terms subject to change without notice.
PLN000018,BEN000029,7,Redeemable via MyTelecom app.
PLN000026,BEN000162,60,Can be availed once per billing cycle.
PLN000099,BEN000109,28,Applicable on first activation. Subject to availability.
PLN000022,BEN000013,7,Requires active internet connection to access.
PLN000023,BEN000148,60,Valid for plan duration only. Non-transferable.
PLN000069,BEN000116,14,Benefit auto-activates within 24 hours of recharge.
PLN000045,BEN000167,14,Offer valid for new subscribers only.
PLN000016,BEN000157,90,Maximum one redemption per subscriber.
PLN000069,BEN000075,28,Maximum one redemption per subscriber.
PLN000029,BEN000092,28,Redeemable via MyTelecom app.
PLN000094,BEN000179,60,Maximum one redemption per subscriber.
PLN000019,BEN000138,90,Offer valid for new subscribers only.
PLN000096,BEN000100,365,Benefit auto-activates within 24 hours of recharge.
PLN000074,BEN000173,180,Valid for plan duration only. Non-transferable.
PLN000001,BEN000003,30,Applicable on first activation. Subject to availability.
PLN000029,BEN000135,28,Requires active internet connection to access.
PLN000061,BEN000003,365,Applicable on first activation. Subject to availability.
PLN000024,BEN000028,28,Applicable on first activation. Subject to availability.
PLN000009,BEN000003,14,Redeemable via MyTelecom app.
PLN000034,BEN000052,365,Requires active internet connection to access.
PLN000013,BEN000090,60,Valid for plan duration only. Non-transferable.
PLN000013,BEN000174,28,Applicable only on selected networks.
PLN000053,BEN000037,30,Terms subject to change without notice.
PLN000053,BEN000019,7,Applicable on first activation. Subject to availability.
PLN000076,BEN000190,90,Offer valid for new subscribers only.
PLN000096,BEN000114,30,Maximum one redemption per subscriber.
PLN000044,BEN000016,90,Applicable on first activation. Subject to availability.
PLN000046,BEN000090,30,Redeemable via MyTelecom app.
PLN000044,BEN000170,90,Offer valid for new subscribers only.
PLN000054,BEN000073,60,Valid for plan duration only. Non-transferable.
PLN000094,BEN000100,60,Valid for plan duration only. Non-transferable.
PLN000084,BEN000108,90,Benefit auto-activates within 24 hours of recharge.
PLN000026,BEN000085,7,Terms subject to change without notice.
PLN000039,BEN000065,14,Can be availed once per billing cycle.
PLN000076,BEN000088,28,Applicable only on selected networks.
PLN000089,BEN000103,7,Offer valid for new subscribers only.
PLN000042,BEN000132,60,Applicable only on selected networks.
PLN000068,BEN000081,30,Offer valid for new subscribers only.
PLN000050,BEN000109,28,Offer valid for new subscribers only.
PLN000062,BEN000032,60,Maximum one redemption per subscriber.
PLN000002,BEN000148,30,Maximum one redemption per subscriber.
PLN000069,BEN000152,7,Offer valid for new subscribers only.
PLN000049,BEN000153,30,Benefit auto-activates within 24 hours of recharge.
PLN000043,BEN000143,7,Applicable only on selected networks.
PLN000060,BEN000115,90,Applicable only on selected networks.
PLN000077,BEN000007,60,Benefit auto-activates within 24 hours of recharge.
PLN000058,BEN000059,30,Applicable only on selected networks.
PLN000095,BEN000160,90,Requires active internet connection to access.
PLN000038,BEN000084,7,Benefit auto-activates within 24 hours of recharge.
PLN000026,BEN000107,60,Requires active internet connection to access.
PLN000091,BEN000171,7,Maximum one redemption per subscriber.
PLN000087,BEN000190,60,Requires active internet connection to access.
PLN000041,BEN000181,30,Maximum one redemption per subscriber.
PLN000084,BEN000040,60,Applicable on first activation. Subject to availability.
PLN000060,BEN000194,60,Applicable only on selected networks.
PLN000084,BEN000153,365,Maximum one redemption per subscriber.
PLN000048,BEN000127,7,Applicable only on selected networks.
PLN000094,BEN000038,365,Terms subject to change without notice.
PLN000038,BEN000039,180,Benefit auto-activates within 24 hours of recharge.
PLN000065,BEN000150,60,Benefit auto-activates within 24 hours of recharge.
PLN000024,BEN000104,7,Valid for plan duration only. Non-transferable.
PLN000070,BEN000175,180,Maximum one redemption per subscriber.
PLN000097,BEN000022,28,Redeemable via MyTelecom app.
PLN000037,BEN000072,60,Applicable only on selected networks.
PLN000077,BEN000144,60,Offer valid for new subscribers only.
PLN000040,BEN000067,365,Can be availed once per billing cycle.
PLN000038,BEN000140,30,Can be availed once per billing cycle.
PLN000027,BEN000022,14,Can be availed once per billing cycle.
PLN000023,BEN000128,28,Valid for plan duration only. Non-transferable.
PLN000061,BEN000045,90,Benefit auto-activates within 24 hours of recharge.
PLN000027,BEN000003,7,Maximum one redemption per subscriber.
PLN000023,BEN000177,90,Offer valid for new subscribers only.
PLN000094,BEN000183,180,Terms subject to change without notice.
PLN000045,BEN000170,30,Offer valid for new subscribers only.
PLN000094,BEN000098,30,Valid for plan duration only. Non-transferable.
PLN000073,BEN000125,90,Benefit auto-activates within 24 hours of recharge.
PLN000053,BEN000119,60,Applicable only on selected networks.
PLN000096,BEN000097,7,Offer valid for new subscribers only.
PLN000059,BEN000139,30,Requires active internet connection to access.
PLN000026,BEN000186,60,Redeemable via MyTelecom app.
PLN000090,BEN000159,90,Redeemable via MyTelecom app.
PLN000019,BEN000008,60,Redeemable via MyTelecom app.
PLN000051,BEN000081,90,Maximum one redemption per subscriber.
PLN000027,BEN000145,14,Applicable on first activation. Subject to availability.
PLN000091,BEN000178,14,Applicable on first activation. Subject to availability.
PLN000054,BEN000125,30,Terms subject to change without notice.
PLN000017,BEN000077,365,Benefit auto-activates within 24 hours of recharge.
PLN000065,BEN000059,365,Maximum one redemption per subscriber.
PLN000001,BEN000115,7,Offer valid for new subscribers only.
PLN000061,BEN000154,14,Requires active internet connection to access.
PLN000071,BEN000102,180,Terms subject to change without notice.
PLN000011,BEN000136,30,Offer valid for new subscribers only.
PLN000068,BEN000174,180,Applicable only on selected networks.
PLN000049,BEN000166,7,Maximum one redemption per subscriber.
PLN000053,BEN000017,60,Terms subject to change without notice.
PLN000095,BEN000090,7,Benefit auto-activates within 24 hours of recharge.
PLN000015,BEN000001,60,Applicable only on selected networks.
PLN000061,BEN000156,60,Can be availed once per billing cycle.
PLN000086,BEN000057,180,Benefit auto-activates within 24 hours of recharge.
PLN000084,BEN000089,60,Terms subject to change without notice.
PLN000029,BEN000119,90,Terms subject to change without notice.
PLN000061,BEN000015,180,Applicable only on selected networks.
PLN000065,BEN000144,180,Offer valid for new subscribers only.
PLN000087,BEN000158,30,Offer valid for new subscribers only.
PLN000020,BEN000013,14,Redeemable via MyTelecom app.
PLN000046,BEN000045,28,Requires active internet connection to access.
PLN000088,BEN000146,180,Maximum one redemption per subscriber.
PLN000077,BEN000151,365,Applicable on first activation. Subject to availability.
PLN000047,BEN000196,60,Redeemable via MyTelecom app.
PLN000009,BEN000136,28,Applicable only on selected networks.
PLN000096,BEN000059,7,Can be availed once per billing cycle.
PLN000029,BEN000173,90,Maximum one redemption per subscriber.
PLN000049,BEN000058,365,Maximum one redemption per subscriber.
PLN000023,BEN000126,90,Applicable on first activation. Subject to availability.
PLN000009,BEN000026,60,Applicable on first activation. Subject to availability.
PLN000057,BEN000084,365,Redeemable via MyTelecom app.
PLN000079,BEN000161,90,Applicable on first activation. Subject to availability.
PLN000040,BEN000021,90,Requires active internet connection to access.
PLN000017,BEN000039,28,Benefit auto-activates within 24 hours of recharge.
PLN000094,BEN000053,28,Valid for plan duration only. Non-transferable.
PLN000091,BEN000002,30,Terms subject to change without notice.
PLN000004,BEN000190,14,Can be availed once per billing cycle.
PLN000027,BEN000163,30,Applicable on first activation. Subject to availability.
PLN000003,BEN000013,7,Redeemable via MyTelecom app.
PLN000065,BEN000175,30,Maximum one redemption per subscriber.
PLN000090,BEN000179,30,Requires active internet connection to access.
PLN000045,BEN000178,7,Applicable on first activation. Subject to availability.
PLN000096,BEN000062,30,Applicable on first activation. Subject to availability.
PLN000050,BEN000147,365,Applicable only on selected networks.
PLN000057,BEN000156,7,Redeemable via MyTelecom app.
PLN000038,BEN000087,28,Applicable on first activation. Subject to availability.
PLN000056,BEN000009,14,Applicable on first activation. Subject to availability.
PLN000034,BEN000134,365,Maximum one redemption per subscriber.
PLN000009,BEN000143,60,Terms subject to change without notice.
PLN000044,BEN000181,14,Redeemable via MyTelecom app.
PLN000053,BEN000172,28,Benefit auto-activates within 24 hours of recharge.
PLN000022,BEN000194,60,Applicable on first activation. Subject to availability.
PLN000090,BEN000118,60,Applicable on first activation. Subject to availability.
PLN000061,BEN000155,28,Can be availed once per billing cycle.
PLN000062,BEN000166,60,Benefit auto-activates within 24 hours of recharge.
PLN000041,BEN000061,365,Terms subject to change without notice.
PLN000044,BEN000078,14,Valid for plan duration only. Non-transferable.
PLN000040,BEN000200,180,Maximum one redemption per subscriber.
PLN000034,BEN000086,60,Benefit auto-activates within 24 hours of recharge.
PLN000039,BEN000016,180,Terms subject to change without notice.
PLN000058,BEN000143,365,Redeemable via MyTelecom app.
PLN000099,BEN000135,7,Terms subject to change without notice.
PLN000065,BEN000161,365,Valid for plan duration only. Non-transferable.
PLN000096,BEN000155,28,Offer valid for new subscribers only.
PLN000036,BEN000137,90,Maximum one redemption per subscriber.
PLN000050,BEN000071,14,Maximum one redemption per subscriber.
PLN000034,BEN000144,30,Redeemable via MyTelecom app.
PLN000045,BEN000147,90,Valid for plan duration only. Non-transferable.
PLN000008,BEN000010,365,Applicable only on selected networks.
PLN000014,BEN000104,14,Applicable on first activation. Subject to availability.
PLN000058,BEN000089,90,Terms subject to change without notice.
PLN000015,BEN000114,60,Applicable on first activation. Subject to availability.
PLN000063,BEN000096,90,Requires active internet connection to access.
PLN000027,BEN000176,60,Redeemable via MyTelecom app.
PLN000075,BEN000142,30,Maximum one redemption per subscriber.
PLN000011,BEN000133,180,Valid for plan duration only. Non-transferable.
PLN000051,BEN000067,365,Can be availed once per billing cycle.
PLN000084,BEN000046,90,Applicable on first activation. Subject to availability.
PLN000078,BEN000163,30,Benefit auto-activates within 24 hours of recharge.
PLN000089,BEN000013,30,Valid for plan duration only. Non-transferable.
PLN000010,BEN000046,14,Valid for plan duration only. Non-transferable.
PLN000045,BEN000069,365,Terms subject to change without notice.
PLN000089,BEN000049,60,Applicable only on selected networks.
PLN000006,BEN000088,365,Offer valid for new subscribers only.
PLN000018,BEN000167,7,Requires active internet connection to access.
PLN000054,BEN000180,90,Benefit auto-activates within 24 hours of recharge.
PLN000087,BEN000173,7,Redeemable via MyTelecom app.
PLN000096,BEN000010,30,Can be availed once per billing cycle.
PLN000037,BEN000043,7,Terms subject to change without notice.
PLN000044,BEN000048,365,Maximum one redemption per subscriber.
PLN000024,BEN000149,7,Can be availed once per billing cycle.
PLN000054,BEN000183,7,Valid for plan duration only. Non-transferable.
PLN000045,BEN000176,7,Applicable only on selected networks.
PLN000016,BEN000144,7,Offer valid for new subscribers only.
PLN000029,BEN000018,28,Can be availed once per billing cycle.
PLN000034,BEN000156,365,Applicable only on selected networks.
PLN000001,BEN000109,180,Terms subject to change without notice.
PLN000075,BEN000023,365,Terms subject to change without notice.
PLN000054,BEN000144,365,Can be availed once per billing cycle.
PLN000014,BEN000045,28,Requires active internet connection to access.
PLN000093,BEN000168,14,Can be availed once per billing cycle.
PLN000050,BEN000012,365,Valid for plan duration only. Non-transferable.
PLN000022,BEN000076,30,Requires active internet connection to access.
PLN000044,BEN000040,180,Offer valid for new subscribers only.
PLN000037,BEN000003,60,Terms subject to change without notice.
PLN000086,BEN000058,30,Valid for plan duration only. Non-transferable.
PLN000072,BEN000064,365,Can be availed once per billing cycle.
PLN000055,BEN000019,60,Valid for plan duration only. Non-transferable.
PLN000099,BEN000127,7,Requires active internet connection to access.
PLN000078,BEN000014,60,Offer valid for new subscribers only.
PLN000064,BEN000119,14,Applicable only on selected networks.
PLN000026,BEN000081,90,Requires active internet connection to access.
PLN000041,BEN000139,14,Applicable on first activation. Subject to availability.
PLN000042,BEN000073,60,Benefit auto-activates within 24 hours of recharge.
PLN000009,BEN000066,14,Applicable on first activation. Subject to availability.
PLN000022,BEN000054,30,Applicable on first activation. Subject to availability.
PLN000044,BEN000013,90,Applicable only on selected networks.
PLN000069,BEN000156,365,Applicable only on selected networks.
PLN000070,BEN000124,28,Valid for plan duration only. Non-transferable.
PLN000054,BEN000099,30,Requires active internet connection to access.
PLN000045,BEN000051,90,Terms subject to change without notice.
PLN000090,BEN000100,30,Can be availed once per billing cycle.
PLN000062,BEN000116,180,Offer valid for new subscribers only.
PLN000011,BEN000084,7,Applicable only on selected networks.
PLN000031,BEN000081,14,Applicable only on selected networks.
PLN000061,BEN000128,30,Terms subject to change without notice.
PLN000082,BEN000055,7,Requires active internet connection to access.
PLN000030,BEN000175,28,Valid for plan duration only. Non-transferable.
PLN000033,BEN000112,90,Benefit auto-activates within 24 hours of recharge.
PLN000068,BEN000093,7,Offer valid for new subscribers only.
PLN000077,BEN000101,60,Offer valid for new subscribers only.
PLN000083,BEN000038,30,Valid for plan duration only. Non-transferable.
PLN000013,BEN000149,30,Applicable on first activation. Subject to availability.
PLN000017,BEN000086,28,Can be availed once per billing cycle.
PLN000085,BEN000111,28,Maximum one redemption per subscriber.
PLN000046,BEN000105,90,Maximum one redemption per subscriber.
PLN000027,BEN000056,180,Applicable only on selected networks.
PLN000087,BEN000154,90,Offer valid for new subscribers only.
PLN000030,BEN000058,28,Maximum one redemption per subscriber.
PLN000022,BEN000172,90,Applicable on first activation. Subject to availability.
PLN000035,BEN000191,180,Valid for plan duration only. Non-transferable.
PLN000007,BEN000183,365,Applicable on first activation. Subject to availability.
PLN000013,BEN000131,28,Maximum one redemption per subscriber.
PLN000016,BEN000184,28,Offer valid for new subscribers only.
PLN000079,BEN000092,365,Can be availed once per billing cycle.
PLN000055,BEN000149,365,Maximum one redemption per subscriber.
PLN000056,BEN000142,90,Valid for plan duration only. Non-transferable.
PLN000033,BEN000145,90,Benefit auto-activates within 24 hours of recharge.
PLN000047,BEN000002,7,Benefit auto-activates within 24 hours of recharge.
PLN000065,BEN000067,180,Maximum one redemption per subscriber.
PLN000006,BEN000082,365,Offer valid for new subscribers only.
PLN000026,BEN000012,90,Maximum one redemption per subscriber.
PLN000057,BEN000027,90,Valid for plan duration only. Non-transferable.
PLN000068,BEN000001,60,Terms subject to change without notice.
PLN000031,BEN000105,30,Applicable only on selected networks.
PLN000099,BEN000163,180,Applicable only on selected networks.
PLN000031,BEN000036,14,Valid for plan duration only. Non-transferable.
PLN000078,BEN000160,28,Offer valid for new subscribers only.
PLN000001,BEN000160,14,Benefit auto-activates within 24 hours of recharge.
PLN000087,BEN000197,30,Can be availed once per billing cycle.
PLN000078,BEN000079,28,Terms subject to change without notice.
PLN000065,BEN000157,14,Valid for plan duration only. Non-transferable.
PLN000038,BEN000107,60,Applicable on first activation. Subject to availability.
PLN000073,BEN000113,90,Requires active internet connection to access.
PLN000073,BEN000149,14,Can be availed once per billing cycle.
PLN000058,BEN000162,365,Valid for plan duration only. Non-transferable.
PLN000051,BEN000013,7,Valid for plan duration only. Non-transferable.
PLN000021,BEN000093,14,Redeemable via MyTelecom app.
PLN000041,BEN000115,60,Offer valid for new subscribers only.
PLN000077,BEN000038,90,Valid for plan duration only. Non-transferable.
PLN000038,BEN000031,14,Valid for plan duration only. Non-transferable.
PLN000070,BEN000056,28,Offer valid for new subscribers only.
PLN000098,BEN000099,28,Benefit auto-activates within 24 hours of recharge.
PLN000077,BEN000177,180,Maximum one redemption per subscriber.
PLN000078,BEN000181,30,Benefit auto-activates within 24 hours of recharge.
PLN000071,BEN000137,7,Redeemable via MyTelecom app.
PLN000012,BEN000086,28,Can be availed once per billing cycle.
PLN000021,BEN000073,28,Benefit auto-activates within 24 hours of recharge.
PLN000015,BEN000085,180,Valid for plan duration only. Non-transferable.
PLN000087,BEN000146,365,Redeemable via MyTelecom app.
PLN000055,BEN000086,28,Benefit auto-activates within 24 hours of recharge.
PLN000038,BEN000068,28,Redeemable via MyTelecom app.
PLN000008,BEN000045,7,Terms subject to change without notice.
PLN000075,BEN000060,7,Valid for plan duration only. Non-transferable.
PLN000056,BEN000094,30,Offer valid for new subscribers only.
PLN000081,BEN000044,7,Requires active internet connection to access.
PLN000097,BEN000033,60,Maximum one redemption per subscriber.
PLN000020,BEN000128,7,Valid for plan duration only. Non-transferable.
PLN000021,BEN000013,7,Redeemable via MyTelecom app.
PLN000019,BEN000165,14,Applicable only on selected networks.
PLN000059,BEN000111,90,Terms subject to change without notice.
PLN000011,BEN000022,180,Offer valid for new subscribers only.
PLN000047,BEN000051,14,Terms subject to change without notice.
PLN000085,BEN000110,60,Maximum one redemption per subscriber.
PLN000014,BEN000043,7,Terms subject to change without notice.
PLN000060,BEN000022,28,Requires active internet connection to access.
PLN000074,BEN000023,7,Terms subject to change without notice.
PLN000099,BEN000175,180,Terms subject to change without notice.
PLN000052,BEN000185,14,Applicable on first activation. Subject to availability.
PLN000057,BEN000094,180,Can be availed once per billing cycle.
PLN000053,BEN000147,365,Maximum one redemption per subscriber.
PLN000022,BEN000179,28,Requires active internet connection to access.
PLN000074,BEN000131,14,Maximum one redemption per subscriber.
PLN000046,BEN000057,180,Maximum one redemption per subscriber.
PLN000049,BEN000164,60,Terms subject to change without notice.
PLN000020,BEN000046,90,Terms subject to change without notice.
PLN000042,BEN000010,7,Maximum one redemption per subscriber.
PLN000061,BEN000178,365,Redeemable via MyTelecom app.
PLN000040,BEN000075,180,Maximum one redemption per subscriber.
PLN000088,BEN000078,365,Applicable on first activation. Subject to availability.
PLN000062,BEN000174,365,Terms subject to change without notice.
PLN000017,BEN000166,90,Valid for plan duration only. Non-transferable.
PLN000016,BEN000043,60,Redeemable via MyTelecom app.
PLN000084,BEN000064,60,Applicable only on selected networks.
PLN000041,BEN000153,28,Offer valid for new subscribers only.
PLN000022,BEN000005,7,Terms subject to change without notice.
PLN000090,BEN000001,14,Terms subject to change without notice.
PLN000016,BEN000104,28,Applicable only on selected networks.
PLN000013,BEN000027,7,Maximum one redemption per subscriber.
PLN000043,BEN000148,60,Applicable on first activation. Subject to availability.
PLN000014,BEN000005,180,Benefit auto-activates within 24 hours of recharge.
PLN000047,BEN000199,365,Applicable only on selected networks.
PLN000002,BEN000181,60,Requires active internet connection to access.
PLN000074,BEN000114,180,Requires active internet connection to access.
PLN000093,BEN000105,14,Requires active internet connection to access.
PLN000092,BEN000005,60,Benefit auto-activates within 24 hours of recharge.
PLN000005,BEN000195,180,Requires active internet connection to access.
PLN000018,BEN000012,60,Can be availed once per billing cycle.
PLN000088,BEN000152,30,Maximum one redemption per subscriber.
PLN000011,BEN000015,7,Offer valid for new subscribers only.
PLN000080,BEN000175,365,Maximum one redemption per subscriber.
PLN000010,BEN000148,28,Can be availed once per billing cycle.
PLN000042,BEN000071,365,Applicable on first activation. Subject to availability.
PLN000084,BEN000049,180,Applicable only on selected networks.
PLN000058,BEN000101,14,Redeemable via MyTelecom app.
PLN000083,BEN000079,365,Applicable on first activation. Subject to availability.
PLN000004,BEN000185,7,Maximum one redemption per subscriber.
PLN000029,BEN000170,28,Redeemable via MyTelecom app.
PLN000082,BEN000134,14,Applicable on first activation. Subject to availability.
PLN000070,BEN000006,14,Valid for plan duration only. Non-transferable.
PLN000032,BEN000186,180,Applicable only on selected networks.
PLN000073,BEN000054,180,Terms subject to change without notice.
PLN000014,BEN000167,30,Benefit auto-activates within 24 hours of recharge.
PLN000096,BEN000040,28,Maximum one redemption per subscriber.
PLN000002,BEN000047,60,Applicable only on selected networks.
PLN000099,BEN000082,30,Maximum one redemption per subscriber.
PLN000047,BEN000156,60,Maximum one redemption per subscriber.
PLN000008,BEN000061,365,Maximum one redemption per subscriber.
PLN000100,BEN000079,90,Valid for plan duration only. Non-transferable.
PLN000082,BEN000028,365,Valid for plan duration only. Non-transferable.
PLN000017,BEN000043,7,Terms subject to change without notice.
PLN000013,BEN000092,7,Can be availed once per billing cycle.
PLN000099,BEN000101,180,Offer valid for new subscribers only.
PLN000025,BEN000172,60,Terms subject to change without notice.
PLN000001,BEN000129,14,Offer valid for new subscribers only.
PLN000008,BEN000091,60,Requires active internet connection to access.
PLN000021,BEN000176,180,Maximum one redemption per subscriber.
PLN000024,BEN000080,30,Offer valid for new subscribers only.
PLN000003,BEN000094,365,Valid for plan duration only. Non-transferable.
PLN000025,BEN000147,60,Can be availed once per billing cycle.
PLN000052,BEN000127,7,Applicable only on selected networks.
PLN000032,BEN000022,28,Can be availed once per billing cycle.
PLN000066,BEN000121,60,Maximum one redemption per subscriber.
PLN000098,BEN000147,60,Applicable on first activation. Subject to availability.
PLN000085,BEN000137,7,Applicable on first activation. Subject to availability.
PLN000040,BEN000133,90,Benefit auto-activates within 24 hours of recharge.
PLN000048,BEN000161,14,Can be availed once per billing cycle.
PLN000094,BEN000144,90,Maximum one redemption per subscriber.
PLN000075,BEN000075,180,Requires active internet connection to access.
PLN000072,BEN000006,90,Benefit auto-activates within 24 hours of recharge.
PLN000040,BEN000120,90,Requires active internet connection to access.
PLN000063,BEN000126,28,Offer valid for new subscribers only.
PLN000030,BEN000003,28,Maximum one redemption per subscriber.
PLN000014,BEN000166,60,Valid for plan duration only. Non-transferable.
PLN000073,BEN000196,90,Terms subject to change without notice.
PLN000066,BEN000131,180,Benefit auto-activates within 24 hours of recharge.
PLN000049,BEN000060,30,Maximum one redemption per subscriber.
PLN000086,BEN000074,28,Can be availed once per billing cycle.
PLN000082,BEN000104,60,Offer valid for new subscribers only.
PLN000078,BEN000186,180,Maximum one redemption per subscriber.
PLN000035,BEN000133,180,Terms subject to change without notice.
PLN000024,BEN000013,7,Applicable on first activation. Subject to availability.
PLN000033,BEN000022,90,Valid for plan duration only. Non-transferable.
PLN000043,BEN000140,60,Requires active internet connection to access.
PLN000042,BEN000146,7,Offer valid for new subscribers only.
PLN000050,BEN000159,60,Can be availed once per billing cycle.
PLN000099,BEN000047,28,Benefit auto-activates within 24 hours of recharge.
PLN000093,BEN000070,28,Applicable only on selected networks.
PLN000072,BEN000021,90,Terms subject to change without notice.
PLN000018,BEN000188,60,Redeemable via MyTelecom app.
PLN000047,BEN000177,7,Offer valid for new subscribers only.
PLN000050,BEN000040,14,Applicable only on selected networks.
PLN000062,BEN000056,180,Valid for plan duration only. Non-transferable.
PLN000055,BEN000023,7,Redeemable via MyTelecom app.
PLN000052,BEN000178,14,Applicable only on selected networks.
PLN000083,BEN000089,60,Valid for plan duration only. Non-transferable.
PLN000003,BEN000071,28,Benefit auto-activates within 24 hours of recharge.
PLN000012,BEN000125,60,Benefit auto-activates within 24 hours of recharge.
PLN000060,BEN000090,60,Requires active internet connection to access.
PLN000013,BEN000082,365,Applicable on first activation. Subject to availability.
PLN000037,BEN000144,180,Valid for plan duration only. Non-transferable.
PLN000028,BEN000144,90,Can be availed once per billing cycle.
PLN000057,BEN000200,28,Redeemable via MyTelecom app.
PLN000071,BEN000184,365,Can be availed once per billing cycle.
PLN000033,BEN000053,14,Benefit auto-activates within 24 hours of recharge.
PLN000013,BEN000191,14,Benefit auto-activates within 24 hours of recharge.
PLN000023,BEN000174,14,Applicable only on selected networks.
PLN000044,BEN000029,30,Applicable on first activation. Subject to availability.
PLN000075,BEN000186,60,Applicable on first activation. Subject to availability.
PLN000059,BEN000001,60,Redeemable via MyTelecom app.
PLN000086,BEN000031,90,Maximum one redemption per subscriber.
PLN000071,BEN000059,7,Redeemable via MyTelecom app.
PLN000017,BEN000004,14,Offer valid for new subscribers only.
PLN000018,BEN000165,180,Maximum one redemption per subscriber.
PLN000062,BEN000164,365,Terms subject to change without notice.
PLN000083,BEN000133,90,Requires active internet connection to access.
PLN000015,BEN000087,14,Can be availed once per billing cycle.
PLN000078,BEN000155,90,Applicable on first activation. Subject to availability.
PLN000097,BEN000162,60,Applicable only on selected networks.
PLN000082,BEN000099,90,Redeemable via MyTelecom app.
PLN000037,BEN000069,30,Valid for plan duration only. Non-transferable.
PLN000080,BEN000122,14,Benefit auto-activates within 24 hours of recharge.
PLN000086,BEN000125,28,Can be availed once per billing cycle.
PLN000056,BEN000177,180,Applicable only on selected networks.
PLN000030,BEN000184,180,Redeemable via MyTelecom app.
PLN000033,BEN000096,60,Can be availed once per billing cycle.
PLN000043,BEN000139,180,Offer valid for new subscribers only.
PLN000071,BEN000055,90,Applicable on first activation. Subject to availability.
PLN000028,BEN000070,14,Maximum one redemption per subscriber.
PLN000051,BEN000115,365,Requires active internet connection to access.
PLN000070,BEN000123,30,Offer valid for new subscribers only.
PLN000015,BEN000116,28,Requires active internet connection to access.
PLN000016,BEN000140,7,Benefit auto-activates within 24 hours of recharge.
PLN000003,BEN000129,30,Offer valid for new subscribers only.
PLN000078,BEN000083,28,Offer valid for new subscribers only.
PLN000004,BEN000154,365,Redeemable via MyTelecom app.
PLN000081,BEN000097,7,Requires active internet connection to access.
PLN000015,BEN000148,14,Benefit auto-activates within 24 hours of recharge.
PLN000079,BEN000013,180,Terms subject to change without notice.
PLN000003,BEN000068,14,Redeemable via MyTelecom app.
PLN000092,BEN000200,90,Maximum one redemption per subscriber.
PLN000059,BEN000118,14,Redeemable via MyTelecom app.
PLN000098,BEN000024,365,Redeemable via MyTelecom app.
PLN000047,BEN000034,60,Applicable only on selected networks.
PLN000078,BEN000022,30,Offer valid for new subscribers only.
PLN000038,BEN000041,60,Applicable on first activation. Subject to availability.
PLN000012,BEN000192,30,Applicable on first activation. Subject to availability.
PLN000006,BEN000062,365,Requires active internet connection to access.
PLN000007,BEN000088,30,Applicable only on selected networks.
PLN000065,BEN000153,14,Benefit auto-activates within 24 hours of recharge.
PLN000096,BEN000183,60,Applicable only on selected networks.
PLN000075,BEN000029,60,Applicable on first activation. Subject to availability.
PLN000020,BEN000097,60,Applicable only on selected networks.
PLN000031,BEN000090,14,Requires active internet connection to access.
PLN000085,BEN000021,180,Requires active internet connection to access.
PLN000063,BEN000006,7,Redeemable via MyTelecom app.
PLN000056,BEN000055,90,Valid for plan duration only. Non-transferable.
PLN000007,BEN000025,60,Applicable only on selected networks.
PLN000034,BEN000107,180,Requires active internet connection to access.
PLN000056,BEN000160,30,Benefit auto-activates within 24 hours of recharge.
PLN000033,BEN000195,30,Redeemable via MyTelecom app.
PLN000044,BEN000009,90,Terms subject to change without notice.
PLN000020,BEN000126,28,Redeemable via MyTelecom app.
PLN000071,BEN000135,14,Valid for plan duration only. Non-transferable.
PLN000080,BEN000109,28,Can be availed once per billing cycle.
PLN000007,BEN000152,90,Applicable on first activation. Subject to availability.
PLN000008,BEN000028,90,Offer valid for new subscribers only.
PLN000071,BEN000022,28,Applicable only on selected networks.
PLN000031,BEN000044,14,Offer valid for new subscribers only.
PLN000009,BEN000166,28,Applicable only on selected networks.
PLN000003,BEN000010,90,Applicable on first activation. Subject to availability.
PLN000048,BEN000101,7,Valid for plan duration only. Non-transferable.
PLN000032,BEN000142,28,Applicable on first activation. Subject to availability.
PLN000013,BEN000134,180,Offer valid for new subscribers only.
PLN000056,BEN000016,7,Applicable only on selected networks.
PLN000086,BEN000092,60,Valid for plan duration only. Non-transferable.
PLN000016,BEN000171,7,Benefit auto-activates within 24 hours of recharge.
PLN000082,BEN000004,180,Offer valid for new subscribers only.
PLN000076,BEN000176,30,Terms subject to change without notice.
PLN000089,BEN000156,60,Benefit auto-activates within 24 hours of recharge.
PLN000087,BEN000177,14,Applicable on first activation. Subject to availability.
PLN000089,BEN000152,180,Benefit auto-activates within 24 hours of recharge.
PLN000076,BEN000078,7,Applicable only on selected networks.
PLN000032,BEN000055,28,Requires active internet connection to access.
PLN000067,BEN000183,7,Requires active internet connection to access.
PLN000048,BEN000199,180,Offer valid for new subscribers only.
PLN000071,BEN000195,30,Terms subject to change without notice.
PLN000060,BEN000111,14,Maximum one redemption per subscriber.
PLN000004,BEN000152,7,Maximum one redemption per subscriber.
PLN000032,BEN000076,30,Applicable on first activation. Subject to availability.
PLN000093,BEN000196,7,Offer valid for new subscribers only.
PLN000010,BEN000024,14,Applicable on first activation. Subject to availability.
PLN000049,BEN000130,30,Applicable only on selected networks.
PLN000006,BEN000124,60,Terms subject to change without notice.
PLN000036,BEN000149,7,Offer valid for new subscribers only.
PLN000024,BEN000136,30,Can be availed once per billing cycle.
PLN000013,BEN000177,14,Applicable only on selected networks.
PLN000060,BEN000060,28,Requires active internet connection to access.
PLN000014,BEN000126,14,Valid for plan duration only. Non-transferable.
PLN000059,BEN000066,60,Requires active internet connection to access.
PLN000070,BEN000142,60,Benefit auto-activates within 24 hours of recharge.
PLN000044,BEN000196,365,Applicable only on selected networks.
PLN000094,BEN000094,28,Benefit auto-activates within 24 hours of recharge.
PLN000075,BEN000024,7,Redeemable via MyTelecom app.
PLN000099,BEN000134,90,Terms subject to change without notice.
PLN000022,BEN000138,14,Valid for plan duration only. Non-transferable.
PLN000084,BEN000007,28,Redeemable via MyTelecom app.
PLN000041,BEN000100,7,Offer valid for new subscribers only.
PLN000032,BEN000195,90,Valid for plan duration only. Non-transferable.
PLN000043,BEN000181,7,Valid for plan duration only. Non-transferable.
PLN000099,BEN000013,180,Redeemable via MyTelecom app.
PLN000087,BEN000026,28,Applicable on first activation. Subject to availability.
PLN000026,BEN000182,30,Requires active internet connection to access.
PLN000099,BEN000057,180,Terms subject to change without notice.
PLN000008,BEN000149,365,Can be availed once per billing cycle.
PLN000058,BEN000186,365,Benefit auto-activates within 24 hours of recharge.
PLN000100,BEN000081,365,Redeemable via MyTelecom app.
PLN000022,BEN000048,90,Applicable on first activation. Subject to availability.
PLN000020,BEN000024,28,Can be availed once per billing cycle.
PLN000006,BEN000131,90,Terms subject to change without notice.
PLN000097,BEN000155,60,Can be availed once per billing cycle.
PLN000089,BEN000040,90,Can be availed once per billing cycle.
PLN000076,BEN000167,7,Can be availed once per billing cycle.
PLN000001,BEN000049,60,Maximum one redemption per subscriber.
PLN000030,BEN000153,7,Redeemable via MyTelecom app.
PLN000025,BEN000116,90,Applicable on first activation. Subject to availability.
PLN000012,BEN000199,28,Can be availed once per billing cycle.
PLN000034,BEN000104,7,Redeemable via MyTelecom app.
PLN000045,BEN000032,30,Maximum one redemption per subscriber.
PLN000074,BEN000183,14,Applicable only on selected networks.
PLN000064,BEN000195,7,Can be availed once per billing cycle.
PLN000011,BEN000166,90,Can be availed once per billing cycle.
PLN000057,BEN000018,60,Requires active internet connection to access.
PLN000091,BEN000175,14,Terms subject to change without notice.
PLN000067,BEN000130,14,Redeemable via MyTelecom app.
PLN000086,BEN000123,90,Benefit auto-activates within 24 hours of recharge.
PLN000004,BEN000011,60,Benefit auto-activates within 24 hours of recharge.
PLN000064,BEN000052,30,Valid for plan duration only. Non-transferable.
PLN000086,BEN000113,90,Applicable on first activation. Subject to availability.
PLN000067,BEN000148,30,Maximum one redemption per subscriber.
PLN000026,BEN000156,14,Applicable on first activation. Subject to availability.
PLN000046,BEN000083,90,Offer valid for new subscribers only.
PLN000036,BEN000184,365,Applicable only on selected networks.
PLN000016,BEN000136,30,Applicable only on selected networks.
PLN000066,BEN000194,30,Maximum one redemption per subscriber.
PLN000050,BEN000044,365,Requires active internet connection to access.
PLN000095,BEN000052,180,Redeemable via MyTelecom app.
PLN000086,BEN000110,180,Applicable only on selected networks.
PLN000028,BEN000104,14,Maximum one redemption per subscriber.
PLN000058,BEN000044,60,Maximum one redemption per subscriber.
PLN000089,BEN000151,7,Valid for plan duration only. Non-transferable.
PLN000099,BEN000017,28,Maximum one redemption per subscriber.
PLN000010,BEN000089,28,Terms subject to change without notice.
PLN000025,BEN000109,90,Applicable only on selected networks.
PLN000002,BEN000173,60,Applicable on first activation. Subject to availability.
PLN000068,BEN000026,30,Maximum one redemption per subscriber.
PLN000023,BEN000051,90,Applicable only on selected networks.
PLN000100,BEN000098,365,Applicable on first activation. Subject to availability.
PLN000092,BEN000193,14,Redeemable via MyTelecom app.
PLN000046,BEN000164,30,Requires active internet connection to access.
PLN000018,BEN000198,365,Terms subject to change without notice.
PLN000002,BEN000060,60,Requires active internet connection to access.
PLN000097,BEN000196,30,Can be availed once per billing cycle.
PLN000080,BEN000046,7,Requires active internet connection to access.
PLN000013,BEN000073,14,Benefit auto-activates within 24 hours of recharge.
PLN000082,BEN000178,180,Redeemable via MyTelecom app.
PLN000034,BEN000125,14,Can be availed once per billing cycle.
PLN000017,BEN000053,7,Benefit auto-activates within 24 hours of recharge.
PLN000004,BEN000119,14,Maximum one redemption per subscriber.
PLN000011,BEN000132,180,Redeemable via MyTelecom app.
PLN000025,BEN000020,180,Can be availed once per billing cycle.
PLN000014,BEN000010,30,Requires active internet connection to access.
PLN000045,BEN000138,60,Terms subject to change without notice.
PLN000059,BEN000174,7,Valid for plan duration only. Non-transferable.
PLN000063,BEN000059,180,Maximum one redemption per subscriber.
PLN000090,BEN000110,28,Maximum one redemption per subscriber.
PLN000035,BEN000048,90,Benefit auto-activates within 24 hours of recharge.
PLN000075,BEN000037,7,Terms subject to change without notice.
PLN000087,BEN000036,180,Can be availed once per billing cycle.
PLN000016,BEN000125,180,Maximum one redemption per subscriber.
PLN000022,BEN000012,28,Offer valid for new subscribers only.
PLN000005,BEN000127,7,Valid for plan duration only. Non-transferable.
PLN000072,BEN000084,180,Benefit auto-activates within 24 hours of recharge.
PLN000068,BEN000129,28,Terms subject to change without notice.
PLN000016,BEN000118,28,Terms subject to change without notice.
PLN000091,BEN000001,30,Can be availed once per billing cycle.
PLN000028,BEN000023,28,Valid for plan duration only. Non-transferable.
PLN000016,BEN000019,28,Can be availed once per billing cycle.
PLN000090,BEN000021,365,Applicable only on selected networks.
PLN000068,BEN000159,28,Benefit auto-activates within 24 hours of recharge.
PLN000054,BEN000166,60,Applicable only on selected networks.
PLN000011,BEN000115,28,Benefit auto-activates within 24 hours of recharge.
PLN000056,BEN000173,90,Valid for plan duration only. Non-transferable.
PLN000072,BEN000050,90,Maximum one redemption per subscriber.
PLN000012,BEN000089,30,Terms subject to change without notice.
PLN000079,BEN000167,30,Applicable on first activation. Subject to availability.
PLN000050,BEN000146,90,Applicable on first activation. Subject to availability.
PLN000038,BEN000167,60,Maximum one redemption per subscriber.
PLN000033,BEN000076,7,Can be availed once per billing cycle.
PLN000040,BEN000023,365,Benefit auto-activates within 24 hours of recharge.
PLN000060,BEN000055,365,Valid for plan duration only. Non-transferable.
PLN000050,BEN000053,14,Maximum one redemption per subscriber.
PLN000035,BEN000156,28,Valid for plan duration only. Non-transferable.
PLN000069,BEN000117,180,Applicable only on selected networks.
PLN000043,BEN000166,180,Applicable on first activation. Subject to availability.
PLN000069,BEN000095,90,Redeemable via MyTelecom app.
PLN000005,BEN000154,60,Offer valid for new subscribers only.
PLN000010,BEN000062,7,Can be availed once per billing cycle.
PLN000017,BEN000159,28,Can be availed once per billing cycle.
PLN000076,BEN000025,14,Applicable on first activation. Subject to availability.
PLN000028,BEN000141,180,Benefit auto-activates within 24 hours of recharge.
PLN000035,BEN000007,90,Applicable on first activation. Subject to availability.
PLN000048,BEN000061,60,Applicable only on selected networks.
PLN000054,BEN000142,90,Maximum one redemption per subscriber.
PLN000097,BEN000064,90,Offer valid for new subscribers only.
PLN000069,BEN000023,90,Benefit auto-activates within 24 hours of recharge.
PLN000070,BEN000074,7,Applicable only on selected networks.
PLN000007,BEN000066,30,Can be availed once per billing cycle.
PLN000023,BEN000124,28,Applicable only on selected networks.
PLN000070,BEN000028,28,Redeemable via MyTelecom app.
PLN000028,BEN000029,60,Benefit auto-activates within 24 hours of recharge.
PLN000031,BEN000021,14,Maximum one redemption per subscriber.
PLN000033,BEN000083,30,Terms subject to change without notice.
PLN000079,BEN000156,28,Valid for plan duration only. Non-transferable.
PLN000070,BEN000144,60,Redeemable via MyTelecom app.
PLN000051,BEN000079,365,Applicable on first activation. Subject to availability.
PLN000024,BEN000130,14,Redeemable via MyTelecom app.
PLN000093,BEN000062,60,Requires active internet connection to access.
PLN000033,BEN000015,28,Maximum one redemption per subscriber.
PLN000067,BEN000194,60,Terms subject to change without notice.
PLN000083,BEN000159,180,Terms subject to change without notice.
PLN000050,BEN000188,14,Can be availed once per billing cycle.
PLN000033,BEN000172,180,Requires active internet connection to access.
PLN000018,BEN000005,28,Applicable only on selected networks.
PLN000082,BEN000079,14,Benefit auto-activates within 24 hours of recharge.
PLN000010,BEN000131,7,Requires active internet connection to access.
PLN000100,BEN000026,365,Requires active internet connection to access.
PLN000009,BEN000079,30,Maximum one redemption per subscriber.
PLN000065,BEN000151,90,Can be availed once per billing cycle.
PLN000055,BEN000092,28,Requires active internet connection to access.
PLN000025,BEN000091,180,Offer valid for new subscribers only.
PLN000087,BEN000166,30,Applicable on first activation. Subject to availability.
PLN000085,BEN000018,7,Maximum one redemption per subscriber.
PLN000073,BEN000017,28,Offer valid for new subscribers only.
PLN000044,BEN000062,365,Can be availed once per billing cycle.
PLN000045,BEN000002,365,Can be availed once per billing cycle.
PLN000037,BEN000030,28,Benefit auto-activates within 24 hours of recharge.
PLN000024,BEN000069,14,Terms subject to change without notice.
PLN000034,BEN000118,7,Applicable only on selected networks.
PLN000063,BEN000111,7,Terms subject to change without notice.
PLN000097,BEN000100,60,Redeemable via MyTelecom app.
PLN000018,BEN000134,365,Redeemable via MyTelecom app.
PLN000035,BEN000079,7,Can be availed once per billing cycle.
PLN000050,BEN000096,180,Offer valid for new subscribers only.
PLN000050,BEN000124,28,Valid for plan duration only. Non-transferable.
PLN000069,BEN000185,365,Valid for plan duration only. Non-transferable.
PLN000060,BEN000185,90,Redeemable via MyTelecom app.
PLN000022,BEN000042,90,Redeemable via MyTelecom app.
PLN000004,BEN000148,365,Can be availed once per billing cycle.
PLN000026,BEN000103,90,Terms subject to change without notice.
PLN000062,BEN000141,30,Can be availed once per billing cycle.
PLN000042,BEN000133,30,Applicable on first activation. Subject to availability.
PLN000005,BEN000017,14,Applicable on first activation. Subject to availability.
PLN000021,BEN000061,180,Applicable on first activation. Subject to availability.
PLN000053,BEN000055,14,Applicable on first activation. Subject to availability.
PLN000050,BEN000170,28,Applicable only on selected networks.
PLN000083,BEN000162,14,Requires active internet connection to access.
PLN000055,BEN000189,14,Maximum one redemption per subscriber.
PLN000084,BEN000179,90,Applicable only on selected networks.
PLN000043,BEN000058,7,Offer valid for new subscribers only.
PLN000040,BEN000081,365,Redeemable via MyTelecom app.
PLN000073,BEN000104,90,Applicable on first activation. Subject to availability.
PLN000021,BEN000153,7,Applicable only on selected networks.
PLN000043,BEN000008,180,Offer valid for new subscribers only.
PLN000095,BEN000053,30,Terms subject to change without notice.
PLN000023,BEN000046,60,Valid for plan duration only. Non-transferable.
PLN000018,BEN000176,7,Requires active internet connection to access.
PLN000100,BEN000144,30,Redeemable via MyTelecom app.
PLN000085,BEN000179,90,Can be availed once per billing cycle.
PLN000032,BEN000154,30,Offer valid for new subscribers only.
PLN000086,BEN000065,7,Terms subject to change without notice.
PLN000100,BEN000022,365,Offer valid for new subscribers only.
PLN000084,BEN000034,14,Benefit auto-activates within 24 hours of recharge.
PLN000079,BEN000104,60,Redeemable via MyTelecom app.
PLN000023,BEN000052,90,Terms subject to change without notice.
PLN000084,BEN000045,28,Applicable only on selected networks.
PLN000080,BEN000039,365,Maximum one redemption per subscriber.
PLN000055,BEN000115,180,Applicable on first activation. Subject to availability.
PLN000049,BEN000038,90,Valid for plan duration only. Non-transferable.
